cover001.png,Elisabeth Freeman & Eric Freeman,"Head First HTML, CSS and XHTML"
cover002.png,Qiuyu Yu,行者无疆
cover003.png,Haoqiang Tan,C++ Object Oriented Programming
cover004.png,上野宽,图解HTTP
cover005.png,Lu Wang,IELTS Speaking Words
cover006.png,Jiabei Gu,IELTS Writing Tutorials
cover007.png,Minhong Yu,IELTS Words
cover008.png,British Council,IELTS 8 with Answers
cover009.png,Mark Lutz,Python Learning Guide
cover0010.png,British Council,IELTS 10 with Answers
cover0011.png,Jon Benftley,Programming Pearls
cover0012.png,Brother Niao,Linux Tutorials
cover0013.png,British Council,IELTS 13 ACADEMIC
cover0014.png,Jie Cheng,Data Structures
cover0015.png,Wesley Chun,Core Python Application Programming
cover0016.png,Brett Lantz,Mechine Learning and R language
cover0017.png,Thomas M Connolly & Carolyn E. Begg,Database System
cover0018.png,Hongbo Liu,IELTS Reading Tutorials